Tools,,,,,
,,,,,
Outdoor Tools,Indoor Tools,Large Equipment,Power Tools,Pumbling,Electrical
Augers,Blowers,Aerial Equipment,Air Compressors,Pipe & Tube Cutters / Benders,Electrical Test Meters
Chainsaws,Carpet Cleaners,Earthmoving Equipment,Breakers,Pumbling Wrenches,
Lawn Mowers,Floor Strippers,Landscaping Equipment,Demolition Hammers,Water Meter Keys,
Leaf Blowers,Heaters,Moving Tralers,Drills & Drivers,Pipe Threaders,
Pressure Washers,Pipe Tools,Stump Grinders,Generators (2000-6500 watts),Pipe Fitting Tools,
Tillers,Vacuums,,Handheld Sanders,,
,,,Nailers,,
,,,Paint Sprayers,,
,,,Planers,,
,,,Saws/Tiles Saws,,